<?xml version="1.0" encoding="utf-8"?>
<ConstraintsData xmlns:xsd="http://www.w3.org/2001/XMLSchema" xmlns:xsi="http://www.w3.org/2001/XMLSchema-instance">
  <FlattenedNetName2ConstraintNetId />
  <CNets />
  <CNetClasses>
    <CNetClass Id="6bee986c-4d46-4b39-8a00-28f0ada2b324" Name="All Nets" IsPredefined="true" Domain="2">
      <Constraints>
        <Constraint Id="bf55c456-0f2a-4e88-9ff6-acee8a47fa55" Kind="2" Name="Width" Description="Width Constraint [Pref Width = 0.2mm    Min Width = 0.2mm    Max Width = 0.254mm]" Scope1="All" Scope2="All" Attributes="NETSCOPE=AnyNet|LAYERKIND=SameLayer|MAXLIMIT=10mil|MINLIMIT=7.874mil|PREFEREDWIDTH=7.874mil|MIDLAYER1_MINWIDTH=10mil|MIDLAYER1_PREFWIDTH=10mil|MIDLAYER2_MINWIDTH=10mil|MIDLAYER2_PREFWIDTH=10mil|MIDLAYER3_MINWIDTH=10mil|MIDLAYER3_PREFWIDTH=10mil|MIDLAYER4_MINWIDTH=10mil|MIDLAYER4_PREFWIDTH=10mil|MIDLAYER5_MINWIDTH=10mil|MIDLAYER5_PREFWIDTH=10mil|MIDLAYER6_MINWIDTH=10mil|MIDLAYER6_PREFWIDTH=10mil|MIDLAYER7_MINWIDTH=10mil|MIDLAYER7_PREFWIDTH=10mil|MIDLAYER8_MINWIDTH=10mil|MIDLAYER8_PREFWIDTH=10mil|MIDLAYER9_MINWIDTH=10mil|MIDLAYER9_PREFWIDTH=10mil|MIDLAYER10_MINWIDTH=10mil|MIDLAYER10_PREFWIDTH=10mil|MIDLAYER11_MINWIDTH=10mil|MIDLAYER11_PREFWIDTH=10mil|MIDLAYER12_MINWIDTH=10mil|MIDLAYER12_PREFWIDTH=10mil|MIDLAYER13_MINWIDTH=10mil|MIDLAYER13_PREFWIDTH=10mil|MIDLAYER14_MINWIDTH=10mil|MIDLAYER14_PREFWIDTH=10mil|MIDLAYER15_MINWIDTH=10mil|MIDLAYER15_PREFWIDTH=10mil|MIDLAYER16_MINWIDTH=10mil|MIDLAYER16_PREFWIDTH=10mil|MIDLAYER17_MINWIDTH=10mil|MIDLAYER17_PREFWIDTH=10mil|MIDLAYER18_MINWIDTH=10mil|MIDLAYER18_PREFWIDTH=10mil|MIDLAYER19_MINWIDTH=10mil|MIDLAYER19_PREFWIDTH=10mil|MIDLAYER20_MINWIDTH=10mil|MIDLAYER20_PREFWIDTH=10mil|MIDLAYER21_MINWIDTH=10mil|MIDLAYER21_PREFWIDTH=10mil|MIDLAYER22_MINWIDTH=10mil|MIDLAYER22_PREFWIDTH=10mil|MIDLAYER23_MINWIDTH=10mil|MIDLAYER23_PREFWIDTH=10mil|MIDLAYER24_MINWIDTH=10mil|MIDLAYER24_PREFWIDTH=10mil|MIDLAYER25_MINWIDTH=10mil|MIDLAYER25_PREFWIDTH=10mil|MIDLAYER26_MINWIDTH=10mil|MIDLAYER26_PREFWIDTH=10mil|MIDLAYER27_MINWIDTH=10mil|MIDLAYER27_PREFWIDTH=10mil|MIDLAYER28_MINWIDTH=10mil|MIDLAYER28_PREFWIDTH=10mil|MIDLAYER29_MINWIDTH=10mil|MIDLAYER29_PREFWIDTH=10mil|MIDLAYER30_MINWIDTH=10mil|MIDLAYER30_PREFWIDTH=10mil|MINIMP=50.000000|MAXIMP=50.000000|FAVIMP=50.000000" />
        <Constraint Id="09a00e50-5fe2-4a14-bf8d-0ac149178a0c" Kind="7" Name="Schematic Routing Topology" Description="Routing Topology [Topology - Shortest]" Scope1="All" Scope2="All" Attributes="NETSCOPE=AnyNet|LAYERKIND=SameLayer|TOPOLOGY=Shortest" />
        <Constraint Id="e335def6-01c1-4c40-a0a3-140683981a17" Kind="9" Name="Schematic Routing Layers" Description="Routing Layers [TopLayer - Enabled BottomLayer - Enabled ]" Scope1="All" Scope2="All" Attributes="NETSCOPE=AnyNet|LAYERKIND=SameLayer|TOP LAYER_V5=TRUE|MID LAYER 1_V5=TRUE|MID LAYER 2_V5=TRUE|MID LAYER 3_V5=TRUE|MID LAYER 4_V5=TRUE|MID LAYER 5_V5=TRUE|MID LAYER 6_V5=TRUE|MID LAYER 7_V5=TRUE|MID LAYER 8_V5=TRUE|MID LAYER 9_V5=TRUE|MID LAYER 10_V5=TRUE|MID LAYER 11_V5=TRUE|MID LAYER 12_V5=TRUE|MID LAYER 13_V5=TRUE|MID LAYER 14_V5=TRUE|MID LAYER 15_V5=TRUE|MID LAYER 16_V5=TRUE|MID LAYER 17_V5=TRUE|MID LAYER 18_V5=TRUE|MID LAYER 19_V5=TRUE|MID LAYER 20_V5=TRUE|MID LAYER 21_V5=TRUE|MID LAYER 22_V5=TRUE|MID LAYER 23_V5=TRUE|MID LAYER 24_V5=TRUE|MID LAYER 25_V5=TRUE|MID LAYER 26_V5=TRUE|MID LAYER 27_V5=TRUE|MID LAYER 28_V5=TRUE|MID LAYER 29_V5=TRUE|MID LAYER 30_V5=TRUE|BOTTOM LAYER_V5=TRUE" />
        <Constraint Id="99fa7658-eaa7-484d-bdf2-bbd7856359e5" Kind="11" Name="RoutingVias" Description="Routing Via Style [Pref Size = 0.6mm    Pref Hole Size = 0.3mm]" Scope1="All" Scope2="All" Attributes="NETSCOPE=AnyNet|LAYERKIND=SameLayer|HOLEWIDTH=11.811mil|WIDTH=23.622mil|VIASTYLE=Through Hole|MINHOLEWIDTH=11.811mil|MINWIDTH=23.622mil|MAXHOLEWIDTH=11.811mil|MAXWIDTH=23.622mil" />
        <Constraint Id="341545ad-e80a-467d-b937-e8701761d1a6" Kind="20" Name="PolygonConnect" Description="Polygon Connect Style [Advanced settings]" Scope1="All" Scope2="All" Attributes="NETSCOPE=AnyNet|LAYERKIND=SameLayer|THPAD.CONNECTSTYLE=Relief|THPAD.RELIEFCONDUCTORWIDTH=10mil|THPAD.RELIEFENTRIES=4|THPAD.POLYGONRELIEFANGLE=90 Angle|THPAD.AIRGAPWIDTH=10mil|SMDPAD.CONNECTSTYLE=Relief|SMDPAD.RELIEFCONDUCTORWIDTH=7.874mil|SMDPAD.RELIEFENTRIES=2|SMDPAD.POLYGONRELIEFANGLE=90 Angle|SMDPAD.AIRGAPWIDTH=10mil|VIA.CONNECTSTYLE=Direct|VIA.RELIEFCONDUCTORWIDTH=10mil|VIA.RELIEFENTRIES=4|VIA.POLYGONRELIEFANGLE=90 Angle|VIA.AIRGAPWIDTH=10mil" />
        <Constraint Id="dacec55d-ba39-4fa9-9289-fc2974e5fbba" Kind="51" Name="Schematic Differential Pairs Routing" Description="Differential Pairs Routing [Pref Gap = 10mil    Min Gap  = 10mil    Max Gap  = 10milPref Width = 15mil    Min Width  = 15mil    Max Width  = 15mil]" Scope1="All" Scope2="All" Attributes="NETSCOPE=AnyNet|LAYERKIND=SameLayer|MAXLIMIT=10mil|MINLIMIT=10mil|MOSTFREQGAP=10mil|TOPLAYER_MINWIDTH=15mil|TOPLAYER_MAXWIDTH=15mil|TOPLAYER_PREFWIDTH=15mil|MIDLAYER1_MINWIDTH=15mil|MIDLAYER1_MAXWIDTH=15mil|MIDLAYER1_PREFWIDTH=15mil|MIDLAYER2_MINWIDTH=15mil|MIDLAYER2_MAXWIDTH=15mil|MIDLAYER2_PREFWIDTH=15mil|MIDLAYER3_MINWIDTH=15mil|MIDLAYER3_MAXWIDTH=15mil|MIDLAYER3_PREFWIDTH=15mil|MIDLAYER4_MINWIDTH=15mil|MIDLAYER4_MAXWIDTH=15mil|MIDLAYER4_PREFWIDTH=15mil|MIDLAYER5_MINWIDTH=15mil|MIDLAYER5_MAXWIDTH=15mil|MIDLAYER5_PREFWIDTH=15mil|MIDLAYER6_MINWIDTH=15mil|MIDLAYER6_MAXWIDTH=15mil|MIDLAYER6_PREFWIDTH=15mil|MIDLAYER7_MINWIDTH=15mil|MIDLAYER7_MAXWIDTH=15mil|MIDLAYER7_PREFWIDTH=15mil|MIDLAYER8_MINWIDTH=15mil|MIDLAYER8_MAXWIDTH=15mil|MIDLAYER8_PREFWIDTH=15mil|MIDLAYER9_MINWIDTH=15mil|MIDLAYER9_MAXWIDTH=15mil|MIDLAYER9_PREFWIDTH=15mil|MIDLAYER10_MINWIDTH=15mil|MIDLAYER10_MAXWIDTH=15mil|MIDLAYER10_PREFWIDTH=15mil|MIDLAYER11_MINWIDTH=15mil|MIDLAYER11_MAXWIDTH=15mil|MIDLAYER11_PREFWIDTH=15mil|MIDLAYER12_MINWIDTH=15mil|MIDLAYER12_MAXWIDTH=15mil|MIDLAYER12_PREFWIDTH=15mil|MIDLAYER13_MINWIDTH=15mil|MIDLAYER13_MAXWIDTH=15mil|MIDLAYER13_PREFWIDTH=15mil|MIDLAYER14_MINWIDTH=15mil|MIDLAYER14_MAXWIDTH=15mil|MIDLAYER14_PREFWIDTH=15mil|MIDLAYER15_MINWIDTH=15mil|MIDLAYER15_MAXWIDTH=15mil|MIDLAYER15_PREFWIDTH=15mil|MIDLAYER16_MINWIDTH=15mil|MIDLAYER16_MAXWIDTH=15mil|MIDLAYER16_PREFWIDTH=15mil|MIDLAYER17_MINWIDTH=15mil|MIDLAYER17_MAXWIDTH=15mil|MIDLAYER17_PREFWIDTH=15mil|MIDLAYER18_MINWIDTH=15mil|MIDLAYER18_MAXWIDTH=15mil|MIDLAYER18_PREFWIDTH=15mil|MIDLAYER19_MINWIDTH=15mil|MIDLAYER19_MAXWIDTH=15mil|MIDLAYER19_PREFWIDTH=15mil|MIDLAYER20_MINWIDTH=15mil|MIDLAYER20_MAXWIDTH=15mil|MIDLAYER20_PREFWIDTH=15mil|MIDLAYER21_MINWIDTH=15mil|MIDLAYER21_MAXWIDTH=15mil|MIDLAYER21_PREFWIDTH=15mil|MIDLAYER22_MINWIDTH=15mil|MIDLAYER22_MAXWIDTH=15mil|MIDLAYER22_PREFWIDTH=15mil|MIDLAYER23_MINWIDTH=15mil|MIDLAYER23_MAXWIDTH=15mil|MIDLAYER23_PREFWIDTH=15mil|MIDLAYER24_MINWIDTH=15mil|MIDLAYER24_MAXWIDTH=15mil|MIDLAYER24_PREFWIDTH=15mil|MIDLAYER25_MINWIDTH=15mil|MIDLAYER25_MAXWIDTH=15mil|MIDLAYER25_PREFWIDTH=15mil|MIDLAYER26_MINWIDTH=15mil|MIDLAYER26_MAXWIDTH=15mil|MIDLAYER26_PREFWIDTH=15mil|MIDLAYER27_MINWIDTH=15mil|MIDLAYER27_MAXWIDTH=15mil|MIDLAYER27_PREFWIDTH=15mil|MIDLAYER28_MINWIDTH=15mil|MIDLAYER28_MAXWIDTH=15mil|MIDLAYER28_PREFWIDTH=15mil|MIDLAYER29_MINWIDTH=15mil|MIDLAYER29_MAXWIDTH=15mil|MIDLAYER29_PREFWIDTH=15mil|MIDLAYER30_MINWIDTH=15mil|MIDLAYER30_MAXWIDTH=15mil|MIDLAYER30_PREFWIDTH=15mil|BOTTOMLAYER_MINWIDTH=15mil|BOTTOMLAYER_MAXWIDTH=15mil|BOTTOMLAYER_PREFWIDTH=15mil|MAXUNCOUPLEDLENGTH=500mil" />
      </Constraints>
      <ConstraintSets />
      <CNets />
    </CNetClass>
  </CNetClasses>
  <CDifferentialPairs />
  <CDifferentialPairClasses />
  <CPinPairs />
  <CxSigClasses />
  <CxNets />
  <CXNetClasses />
  <ConstraintClearancesMatrix>
    <CCMFromScopes>
      <CCMFromScope Id="2250ca11-fa3c-4cba-b554-1b9274cf5915">
        <ConstraintObject Id="00000000-0000-0000-0000-000000000000" />
        <CCMToScopes>
          <CCMToScope Id="79fe315b-7493-4e88-a3ea-aedb98630d7b" SetId="00000000-0000-0000-0000-000000000000">
            <ConstraintObject Id="00000000-0000-0000-0000-000000000000" />
            <DefaultConstraintClearancesMatrixConstraint Id="00000000-0000-0000-0000-000000000000" Kind="0" Name="" Description="" Scope1="" Scope2="" Attributes="" LayerType="0" LayerId="0" />
            <CCMConstraints>
              <CCMConstraint Id="016cde47-cba1-4b9e-a875-1c5c355c4502" Kind="0" Name="Clearance_1" Description="Clearance Constraint [Clearance = 0.2mm]" Scope1="OnMid" Scope2="OnMid" Attributes="NETSCOPE=DifferentNets|LAYERKIND=SameLayer|GAP=7.874mil|GENERICCLEARANCE=7.874mil|IGNOREPADTOPADCLEARANCEINFOOTPRINT=FALSE|OBJECTCLEARANCES= " LayerType="2" LayerId="0" />
              <CCMConstraint Id="fd6a460c-fe3a-467e-91f8-38026aceb457" Kind="0" Name="Clearance_2" Description="Clearance Constraint [Clearance = 0.2mm]" Scope1="(ExistsOnLayer('Top Layer') Or ExistsOnLayer('Bottom Layer'))" Scope2="(ExistsOnLayer('Top Layer') Or ExistsOnLayer('Bottom Layer'))" Attributes="NETSCOPE=DifferentNets|LAYERKIND=SameLayer|GAP=7.874mil|GENERICCLEARANCE=7.874mil|IGNOREPADTOPADCLEARANCEINFOOTPRINT=FALSE|OBJECTCLEARANCES= " LayerType="1" LayerId="0" />
            </CCMConstraints>
          </CCMToScope>
        </CCMToScopes>
      </CCMFromScope>
    </CCMFromScopes>
  </ConstraintClearancesMatrix>
  <ConstraintSameNetClearancesMatrix>
    <CCMFromScopes />
  </ConstraintSameNetClearancesMatrix>
  <CSets />
  <CClearancesMatrixSets />
</ConstraintsData>